-- MySQL dump 10.13  Distrib 5.5.32, for debian-linux-gnu (x86_64)
--
-- Host: localhost    Database: guide
-- ------------------------------------------------------
-- Server version	5.5.32-0ubuntu0.12.04.1

/*!40101 SET @OLD_CHARACTER_SET_CLIENT=@@CHARACTER_SET_CLIENT */;
/*!40101 SET @OLD_CHARACTER_SET_RESULTS=@@CHARACTER_SET_RESULTS */;
/*!40101 SET @OLD_COLLATION_CONNECTION=@@COLLATION_CONNECTION */;
/*!40101 SET NAMES utf8 */;
/*!40103 SET @OLD_TIME_ZONE=@@TIME_ZONE */;
/*!40103 SET TIME_ZONE='+00:00' */;
/*!40014 SET @OLD_UNIQUE_CHECKS=@@UNIQUE_CHECKS, UNIQUE_CHECKS=0 */;
/*!40014 SET @OLD_FOREIGN_KEY_CHECKS=@@FOREIGN_KEY_CHECKS, FOREIGN_KEY_CHECKS=0 */;
/*!40101 SET @OLD_SQL_MODE=@@SQL_MODE, SQL_MODE='NO_AUTO_VALUE_ON_ZERO' */;
/*!40111 SET @OLD_SQL_NOTES=@@SQL_NOTES, SQL_NOTES=0 */;

--
-- Table structure for table `channel`
--

DROP TABLE IF EXISTS `channel`;
/*!40101 SET @saved_cs_client     = @@character_set_client */;
/*!40101 SET character_set_client = utf8 */;
CREATE TABLE `channel` (
  `id` int(11) NOT NULL AUTO_INCREMENT,
  `title` varchar(255) COLLATE utf8_unicode_ci NOT NULL,
  `number` int(11) NOT NULL,
  PRIMARY KEY (`id`)
) ENGINE=InnoDB AUTO_INCREMENT=113 DEFAULT CHARSET=utf8 COLLATE=utf8_unicode_ci;
/*!40101 SET character_set_client = @saved_cs_client */;

--
-- Dumping data for table `channel`
--

LOCK TABLES `channel` WRITE;
/*!40000 ALTER TABLE `channel` DISABLE KEYS */;
INSERT INTO `channel` VALUES (1,'BBC One',183782),(2,'BBC Two',183783),(3,'ITV',183784),(4,'Channel 4',183785),(5,'Channel 5',183786),(6,'ITV2',183787),(7,'BBC THREE',183788),(8,'Regional TV*',183789),(9,'(not all UK regions)',183790),(10,'BBC FOUR',183791),(11,'ITV3',183792),(12,'Pick',183793),(13,'Dave',183794),(14,'Channel 4+1',183795),(15,'More4',183796),(16,'Film4',183797),(17,'QVC',183798),(18,'Really',183799),(19,'4Music',183800),(20,'Yesterday',183801),(21,'Drama',183802),(22,'VIVA',183803),(23,'Ideal World',183804),(24,'ITV4',183805),(25,'Dave Ja Vu',183806),(26,'ITVBe',183807),(27,'ITV2+1',183808),(28,'E4',183809),(29,'E4+1',183810),(30,'5*',183811),(31,'5 USA',183812),(32,'Movie Mix',183813),(33,'ITV+1',183814),(34,'ITV3+1',183815),(35,'QVC Beauty',183816),(36,'Create & Craft',183817),(37,'QUEST',183818),(38,'QUEST+1',183832),(39,'The Store',183820),(40,'Rocks & Co 1',183821),(41,'Food Network',183822),(42,'Travel Channel',183823),(43,'Gems TV',183824),(44,'Channel 5+1',183825),(45,'Film4+1',183826),(46,'Challenge',183827),(47,'4Seven',183828),(48,'Movies4Men',183829),(49,'Jewellery Ch.',183830),(50,'Channel 5+24',183831),(51,'QUEST+1',183832),(52,'BT Sport 1 [pay]',183833),(53,'BT Sport 2 [pay]',183834),(54,'True Entertainment',183835),(55,'ITV4+1',183836),(56,'Community',183837),(57,'Jewellery Maker',183838),(58,'TBN UK',183839),(59,'CBS Reality',183840),(60,'truTV',183841),(61,'truTV+1',183842),(62,'CBS Action',183843),(63,'BBC One HD',183844),(64,'BBC Two HD',183845),(65,'ITV1 HD / STV HD*',183846),(66,'Channel 4 HD',183847),(67,'S4C HD (Wales Only)',183848),(68,'BBC Three HD',183849),(69,'BBC Four HD',183850),(70,'BBC News HD',183851),(71,'Al Jazeera HD',183852),(72,'Community Ch. HD',183853),(73,'Channel 4+1 HD',183854),(74,'4seven HD',183855),(75,'CBBC',183856),(76,'CBeebies',183857),(77,'CITV',183858),(78,'CBBC HD',183859),(79,'CBeebies HD',183860),(80,'Tiny Pop',183861),(81,'BBC NEWS',183862),(82,'BBC Parliament',183863),(83,'Sky News',183864),(84,'Al Jazeera English',183865),(85,'Russia Today (RT)',183866),(86,'Adult Section',183867),(87,'Television X [pay]',183868),(88,'Adult Smile TV2 [pay]',183869),(89,'Adult Smile TV3 [pay]',183870),(90,'Adult Babestn [pay]',183871),(91,'Adult Party [pay]',183872),(92,'Adult Blue [pay]',183873),(93,'Adult Babestn2 [pay]',183874),(94,'Adult Xpanded TV',183875),(95,'BBC Red Button',183876),(96,'Holidays TV',183877),(97,'Rabbit',183878),(98,'Gay Rabbit',183879),(99,'1-2-1 Dating',183880),(100,'Kiss Me TV',183881),(101,'Proud Dating',183882),(102,'CCTV',183883),(103,'Propeller TV',183884),(104,'Racing UK',183885),(105,'CONNECT 4',183886),(106,'VuTV [pay]',183887),(107,'SonLife',183888),(108,'Motors',183889),(109,'TVPlayer',183890),(110,'Vintage TV',183891),(111,'Dating',183892),(112,'Interactive Services',183893);
/*!40000 ALTER TABLE `channel` ENABLE KEYS */;
UNLOCK TABLES;

--
-- Table structure for table `closure_table`
--

DROP TABLE IF EXISTS `closure_table`;
/*!40101 SET @saved_cs_client     = @@character_set_client */;
/*!40101 SET character_set_client = utf8 */;
CREATE TABLE `closure_table` (
  `ancestor_id` int(11) NOT NULL,
  `descendant_id` int(11) NOT NULL,
  PRIMARY KEY (`ancestor_id`,`descendant_id`),
  KEY `IDX_F5B3CB2C671CEA1` (`ancestor_id`),
  KEY `IDX_F5B3CB21844467D` (`descendant_id`),
  CONSTRAINT `FK_F5B3CB21844467D` FOREIGN KEY (`descendant_id`) REFERENCES `package` (`id`) ON DELETE CASCADE,
  CONSTRAINT `FK_F5B3CB2C671CEA1` FOREIGN KEY (`ancestor_id`) REFERENCES `package` (`id`) ON DELETE CASCADE
) ENGINE=InnoDB DEFAULT CHARSET=utf8 COLLATE=utf8_unicode_ci;
/*!40101 SET character_set_client = @saved_cs_client */;

--
-- Dumping data for table `closure_table`
--

LOCK TABLES `closure_table` WRITE;
/*!40000 ALTER TABLE `closure_table` DISABLE KEYS */;
INSERT INTO `closure_table` VALUES (1,1),(1,2),(1,3),(2,2),(2,3),(3,3);
/*!40000 ALTER TABLE `closure_table` ENABLE KEYS */;
UNLOCK TABLES;

--
-- Table structure for table `package`
--

DROP TABLE IF EXISTS `package`;
/*!40101 SET @saved_cs_client     = @@character_set_client */;
/*!40101 SET character_set_client = utf8 */;
CREATE TABLE `package` (
  `id` int(11) NOT NULL AUTO_INCREMENT,
  `name` varchar(255) COLLATE utf8_unicode_ci NOT NULL,
  `code` varchar(2) COLLATE utf8_unicode_ci NOT NULL,
  PRIMARY KEY (`id`)
) ENGINE=InnoDB AUTO_INCREMENT=4 DEFAULT CHARSET=utf8 COLLATE=utf8_unicode_ci;
/*!40101 SET character_set_client = @saved_cs_client */;

--
-- Dumping data for table `package`
--

LOCK TABLES `package` WRITE;
/*!40000 ALTER TABLE `package` DISABLE KEYS */;
INSERT INTO `package` VALUES (1,'Large','L'),(2,'Medium','M'),(3,'Small','S');
/*!40000 ALTER TABLE `package` ENABLE KEYS */;
UNLOCK TABLES;

--
-- Table structure for table `package_channel_mapping`
--

DROP TABLE IF EXISTS `package_channel_mapping`;
/*!40101 SET @saved_cs_client     = @@character_set_client */;
/*!40101 SET character_set_client = utf8 */;
CREATE TABLE `package_channel_mapping` (
  `channel_id` int(11) NOT NULL,
  `package_id` int(11) NOT NULL,
  PRIMARY KEY (`channel_id`,`package_id`),
  KEY `IDX_76403F2B72F5A1AA` (`channel_id`),
  KEY `IDX_76403F2BF44CABFF` (`package_id`),
  CONSTRAINT `FK_76403F2B72F5A1AA` FOREIGN KEY (`channel_id`) REFERENCES `channel` (`id`) ON DELETE CASCADE,
  CONSTRAINT `FK_76403F2BF44CABFF` FOREIGN KEY (`package_id`) REFERENCES `package` (`id`) ON DELETE CASCADE
) ENGINE=InnoDB DEFAULT CHARSET=utf8 COLLATE=utf8_unicode_ci;
/*!40101 SET character_set_client = @saved_cs_client */;

--
-- Dumping data for table `package_channel_mapping`
--

LOCK TABLES `package_channel_mapping` WRITE;
/*!40000 ALTER TABLE `package_channel_mapping` DISABLE KEYS */;
INSERT INTO `package_channel_mapping` VALUES (1,3),(2,3),(3,3),(4,3),(5,3),(6,3),(7,3),(8,3),(9,3),(10,3),(11,3),(12,3),(13,3),(14,3),(15,3),(16,3),(17,3),(18,3),(19,3),(20,3),(21,3),(22,3),(23,3),(24,3),(25,3),(26,3),(27,3),(28,3),(29,3),(31,2),(32,2),(33,2),(34,2),(35,2),(36,2),(37,2),(38,2),(39,2),(40,2),(41,2),(42,2),(43,2),(44,2),(45,2),(46,2),(47,2),(48,2),(49,2),(50,2),(51,2),(52,2),(53,2),(54,2),(55,2),(56,2),(57,2),(58,2),(59,2),(60,2),(61,2),(62,2),(63,2),(64,2),(65,2),(66,2),(67,2),(68,2),(69,2),(70,2),(71,2),(72,2),(73,2),(74,2),(75,2),(76,2),(77,2),(78,2),(79,2),(81,1),(82,1),(83,1),(84,1),(85,1),(86,1),(87,1),(88,1),(89,1),(90,1),(91,1),(92,1),(93,1),(94,1),(95,1),(96,1),(97,1),(98,1),(99,1),(100,1),(101,1),(102,1),(103,1),(104,1),(105,1),(106,1),(107,1),(108,1),(109,1),(110,1),(111,1),(112,1);
/*!40000 ALTER TABLE `package_channel_mapping` ENABLE KEYS */;
UNLOCK TABLES;

--
-- Table structure for table `region`
--

DROP TABLE IF EXISTS `region`;
/*!40101 SET @saved_cs_client     = @@character_set_client */;
/*!40101 SET character_set_client = utf8 */;
CREATE TABLE `region` (
  `id` int(11) NOT NULL AUTO_INCREMENT,
  `name` varchar(255) COLLATE utf8_unicode_ci NOT NULL,
  PRIMARY KEY (`id`)
) ENGINE=InnoDB AUTO_INCREMENT=16 DEFAULT CHARSET=utf8 COLLATE=utf8_unicode_ci;
/*!40101 SET character_set_client = @saved_cs_client */;

--
-- Dumping data for table `region`
--

LOCK TABLES `region` WRITE;
/*!40000 ALTER TABLE `region` DISABLE KEYS */;
INSERT INTO `region` VALUES (1,'Wales'),(2,'Cambridge'),(3,'East Midlands'),(4,'East of England'),(5,'London'),(6,'North East'),(7,'North West'),(8,'Northern Ireland'),(9,'Oxford'),(10,'Scotland'),(11,'South East'),(12,'South West'),(13,'South England'),(15,'West Midlands');
/*!40000 ALTER TABLE `region` ENABLE KEYS */;
UNLOCK TABLES;

--
-- Table structure for table `region_channel_mapping`
--

DROP TABLE IF EXISTS `region_channel_mapping`;
/*!40101 SET @saved_cs_client     = @@character_set_client */;
/*!40101 SET character_set_client = utf8 */;
CREATE TABLE `region_channel_mapping` (
  `channel_id` int(11) NOT NULL,
  `region_id` int(11) NOT NULL,
  PRIMARY KEY (`channel_id`,`region_id`),
  KEY `IDX_B46A41D472F5A1AA` (`channel_id`),
  KEY `IDX_B46A41D498260155` (`region_id`),
  CONSTRAINT `FK_B46A41D472F5A1AA` FOREIGN KEY (`channel_id`) REFERENCES `channel` (`id`) ON DELETE CASCADE,
  CONSTRAINT `FK_B46A41D498260155` FOREIGN KEY (`region_id`) REFERENCES `region` (`id`) ON DELETE CASCADE
) ENGINE=InnoDB DEFAULT CHARSET=utf8 COLLATE=utf8_unicode_ci;
/*!40101 SET character_set_client = @saved_cs_client */;

--
-- Dumping data for table `region_channel_mapping`
--

LOCK TABLES `region_channel_mapping` WRITE;
/*!40000 ALTER TABLE `region_channel_mapping` DISABLE KEYS */;
INSERT INTO `region_channel_mapping` VALUES (1,1),(1,2),(1,3),(1,4),(1,5),(1,6),(1,7),(1,8),(1,9),(1,10),(1,11),(1,12),(1,13),(1,15),(2,1),(2,2),(2,3),(2,4),(2,5),(2,6),(2,7),(2,8),(2,9),(2,10),(2,11),(2,12),(2,13),(2,15),(3,1),(3,2),(3,3),(3,4),(3,5),(3,6),(3,7),(3,8),(3,9),(3,10),(3,11),(3,12),(3,13),(3,15),(4,1),(4,2),(4,3),(4,4),(4,5),(4,6),(4,7),(4,8),(4,9),(4,10),(4,11),(4,12),(4,13),(4,15),(5,1),(5,2),(5,3),(5,4),(5,5),(5,6),(5,7),(5,8),(5,9),(5,10),(5,11),(5,12),(5,13),(5,15),(6,1),(6,2),(6,3),(6,4),(6,5),(6,6),(6,7),(6,8),(6,9),(6,10),(6,11),(6,12),(6,13),(6,15),(7,1),(7,2),(7,3),(7,4),(7,5),(7,6),(7,7),(7,8),(7,9),(7,10),(7,11),(7,12),(7,13),(7,15),(8,1),(8,2),(8,3),(8,4),(8,5),(8,6),(8,7),(8,8),(8,9),(8,10),(8,11),(8,12),(8,13),(8,15),(9,1),(9,2),(9,3),(9,4),(9,5),(9,6),(9,7),(9,8),(9,9),(9,10),(9,11),(9,12),(9,13),(9,15),(10,1),(10,2),(10,3),(10,4),(10,5),(10,6),(10,7),(10,8),(10,9),(10,10),(10,11),(10,12),(10,13),(10,15),(11,1),(11,2),(11,3),(11,4),(11,5),(11,6),(11,7),(11,8),(11,9),(11,10),(11,11),(11,12),(11,13),(11,15),(12,1),(12,2),(12,3),(12,4),(12,5),(12,6),(12,7),(12,8),(12,9),(12,10),(12,11),(12,12),(12,13),(12,15),(13,1),(13,2),(13,3),(13,4),(13,5),(13,6),(13,7),(13,8),(13,9),(13,10),(13,11),(13,12),(13,13),(13,15),(14,1),(14,2),(14,3),(14,4),(14,5),(14,6),(14,7),(14,8),(14,9),(14,10),(14,11),(14,12),(14,13),(14,15),(15,1),(15,2),(15,3),(15,4),(15,5),(15,6),(15,7),(15,8),(15,9),(15,10),(15,11),(15,12),(15,13),(15,15),(16,1),(16,2),(16,3),(16,4),(16,5),(16,6),(16,7),(16,8),(16,9),(16,10),(16,11),(16,12),(16,13),(16,15),(17,1),(17,2),(17,3),(17,4),(17,5),(17,6),(17,7),(17,8),(17,9),(17,10),(17,11),(17,12),(17,13),(17,15),(18,1),(18,2),(18,3),(18,4),(18,5),(18,6),(18,7),(18,8),(18,9),(18,10),(18,11),(18,12),(18,13),(18,15),(19,1),(19,2),(19,3),(19,4),(19,5),(19,6),(19,7),(19,8),(19,9),(19,10),(19,11),(19,12),(19,13),(19,15),(20,1),(20,2),(20,3),(20,4),(20,5),(20,6),(20,7),(20,8),(20,9),(20,10),(20,11),(20,12),(20,13),(20,15),(21,1),(21,2),(21,3),(21,4),(21,5),(21,6),(21,7),(21,8),(21,9),(21,10),(21,11),(21,12),(21,13),(21,15),(22,1),(22,2),(22,3),(22,4),(22,5),(22,6),(22,7),(22,8),(22,9),(22,10),(22,11),(22,12),(22,13),(22,15),(23,1),(23,2),(23,3),(23,4),(23,5),(23,6),(23,7),(23,8),(23,9),(23,10),(23,11),(23,12),(23,13),(23,15),(24,1),(24,2),(24,3),(24,4),(24,5),(24,6),(24,7),(24,8),(24,9),(24,10),(24,11),(24,12),(24,13),(24,15),(25,1),(25,2),(25,3),(25,4),(25,5),(25,6),(25,7),(25,8),(25,9),(25,10),(25,11),(25,12),(25,13),(25,15),(26,1),(26,2),(26,3),(26,4),(26,5),(26,6),(26,7),(26,8),(26,9),(26,10),(26,11),(26,12),(26,13),(26,15),(27,1),(27,2),(27,3),(27,4),(27,5),(27,6),(27,7),(27,8),(27,9),(27,10),(27,11),(27,12),(27,13),(27,15),(28,1),(28,2),(28,3),(28,4),(28,5),(28,6),(28,7),(28,8),(28,9),(28,10),(28,11),(28,12),(28,13),(28,15),(29,1),(29,2),(29,3),(29,4),(29,5),(29,6),(29,7),(29,8),(29,9),(29,10),(29,11),(29,12),(29,13),(29,15),(30,1),(30,2),(30,3),(30,4),(30,5),(30,6),(30,7),(30,8),(30,9),(30,10),(30,11),(30,12),(30,13),(30,15),(31,1),(31,2),(31,3),(31,4),(31,5),(31,6),(31,7),(31,8),(31,9),(31,10),(31,11),(31,12),(31,13),(31,15),(32,1),(32,2),(32,3),(32,4),(32,5),(32,6),(32,7),(32,8),(32,9),(32,10),(32,11),(32,12),(32,13),(32,15),(33,1),(33,2),(33,3),(33,4),(33,5),(33,6),(33,7),(33,8),(33,9),(33,10),(33,11),(33,12),(33,13),(33,15),(34,1),(34,2),(34,3),(34,4),(34,5),(34,6),(34,7),(34,8),(34,9),(34,10),(34,11),(34,12),(34,13),(34,15),(35,1),(35,2),(35,3),(35,4),(35,5),(35,6),(35,7),(35,8),(35,9),(35,10),(35,11),(35,12),(35,13),(35,15),(36,1),(36,2),(36,3),(36,4),(36,5),(36,6),(36,7),(36,8),(36,9),(36,10),(36,11),(36,12),(36,13),(36,15),(37,1),(37,2),(37,3),(37,4),(37,5),(37,6),(37,7),(37,8),(37,9),(37,10),(37,11),(37,12),(37,13),(37,15),(38,1),(38,2),(38,3),(38,4),(38,5),(38,6),(38,7),(38,8),(38,9),(38,10),(38,11),(38,12),(38,13),(38,15),(39,1),(39,2),(39,3),(39,4),(39,5),(39,6),(39,7),(39,8),(39,9),(39,10),(39,11),(39,12),(39,13),(39,15),(40,1),(40,2),(40,3),(40,4),(40,5),(40,6),(40,7),(40,8),(40,9),(40,10),(40,11),(40,12),(40,13),(40,15),(41,1),(41,2),(41,3),(41,4),(41,5),(41,6),(41,7),(41,8),(41,9),(41,10),(41,11),(41,12),(41,13),(41,15),(42,1),(42,2),(42,3),(42,4),(42,5),(42,6),(42,7),(42,8),(42,9),(42,10),(42,11),(42,12),(42,13),(42,15),(43,1),(43,2),(43,3),(43,4),(43,5),(43,6),(43,7),(43,8),(43,9),(43,10),(43,11),(43,12),(43,13),(43,15),(44,1),(44,2),(44,3),(44,4),(44,5),(44,6),(44,7),(44,8),(44,9),(44,10),(44,11),(44,12),(44,13),(44,15),(45,1),(45,2),(45,3),(45,4),(45,5),(45,6),(45,7),(45,8),(45,9),(45,10),(45,11),(45,12),(45,13),(45,15),(46,1),(46,2),(46,3),(46,4),(46,5),(46,6),(46,7),(46,8),(46,9),(46,10),(46,11),(46,12),(46,13),(46,15),(47,1),(47,2),(47,3),(47,4),(47,5),(47,6),(47,7),(47,8),(47,9),(47,10),(47,11),(47,12),(47,13),(47,15),(48,1),(48,2),(48,3),(48,4),(48,5),(48,6),(48,7),(48,8),(48,9),(48,10),(48,11),(48,12),(48,13),(48,15),(49,1),(49,2),(49,3),(49,4),(49,5),(49,6),(49,7),(49,8),(49,9),(49,10),(49,11),(49,12),(49,13),(49,15),(50,1),(50,2),(50,3),(50,4),(50,5),(50,6),(50,7),(50,8),(50,9),(50,10),(50,11),(50,12),(50,13),(50,15),(51,1),(51,2),(51,3),(51,4),(51,5),(51,6),(51,7),(51,8),(51,9),(51,10),(51,11),(51,12),(51,13),(51,15),(52,1),(52,2),(52,3),(52,4),(52,5),(52,6),(52,7),(52,8),(52,9),(52,10),(52,11),(52,12),(52,13),(52,15),(53,1),(53,2),(53,3),(53,4),(53,5),(53,6),(53,7),(53,8),(53,9),(53,10),(53,11),(53,12),(53,13),(53,15),(54,1),(54,2),(54,3),(54,4),(54,5),(54,6),(54,7),(54,8),(54,9),(54,10),(54,11),(54,12),(54,13),(54,15),(55,1),(55,2),(55,3),(55,4),(55,5),(55,6),(55,7),(55,8),(55,9),(55,10),(55,11),(55,12),(55,13),(55,15),(56,1),(56,2),(56,3),(56,4),(56,5),(56,6),(56,7),(56,8),(56,9),(56,10),(56,11),(56,12),(56,13),(56,15),(57,1),(57,2),(57,3),(57,4),(57,5),(57,6),(57,7),(57,8),(57,9),(57,10),(57,11),(57,12),(57,13),(57,15),(58,1),(58,2),(58,3),(58,4),(58,5),(58,6),(58,7),(58,8),(58,9),(58,10),(58,11),(58,12),(58,13),(58,15),(59,1),(59,2),(59,3),(59,4),(59,5),(59,6),(59,7),(59,8),(59,9),(59,10),(59,11),(59,12),(59,13),(59,15),(60,1),(60,2),(60,3),(60,4),(60,5),(60,6),(60,7),(60,8),(60,9),(60,10),(60,11),(60,12),(60,13),(60,15),(61,1),(61,2),(61,3),(61,4),(61,5),(61,6),(61,7),(61,8),(61,9),(61,10),(61,11),(61,12),(61,13),(61,15),(62,1),(62,2),(62,3),(62,4),(62,5),(62,6),(62,7),(62,8),(62,9),(62,10),(62,11),(62,12),(62,13),(62,15),(63,1),(63,2),(63,3),(63,4),(63,5),(63,6),(63,7),(63,8),(63,9),(63,10),(63,11),(63,12),(63,13),(63,15),(64,1),(64,2),(64,3),(64,4),(64,5),(64,6),(64,7),(64,8),(64,9),(64,10),(64,11),(64,12),(64,13),(64,15),(65,1),(65,2),(65,3),(65,4),(65,5),(65,6),(65,7),(65,8),(65,9),(65,10),(65,11),(65,12),(65,13),(65,15),(66,1),(66,2),(66,3),(66,4),(66,5),(66,6),(66,7),(66,8),(66,9),(66,10),(66,11),(66,12),(66,13),(66,15),(67,1),(67,2),(67,3),(67,4),(67,5),(67,6),(67,7),(67,8),(67,9),(67,10),(67,11),(67,12),(67,13),(67,15),(68,1),(68,2),(68,3),(68,4),(68,5),(68,6),(68,7),(68,8),(68,9),(68,10),(68,11),(68,12),(68,13),(68,15),(69,1),(69,2),(69,3),(69,4),(69,5),(69,6),(69,7),(69,8),(69,9),(69,10),(69,11),(69,12),(69,13),(69,15),(70,1),(70,2),(70,3),(70,4),(70,5),(70,6),(70,7),(70,8),(70,9),(70,10),(70,11),(70,12),(70,13),(70,15),(71,1),(71,2),(71,3),(71,4),(71,5),(71,6),(71,7),(71,8),(71,9),(71,10),(71,11),(71,12),(71,13),(71,15),(72,1),(72,2),(72,3),(72,4),(72,5),(72,6),(72,7),(72,8),(72,9),(72,10),(72,11),(72,12),(72,13),(72,15),(73,1),(73,2),(73,3),(73,4),(73,5),(73,6),(73,7),(73,8),(73,9),(73,10),(73,11),(73,12),(73,13),(73,15),(74,1),(74,2),(74,3),(74,4),(74,5),(74,6),(74,7),(74,8),(74,9),(74,10),(74,11),(74,12),(74,13),(74,15),(75,1),(75,2),(75,3),(75,4),(75,5),(75,6),(75,7),(75,8),(75,9),(75,10),(75,11),(75,12),(75,13),(75,15),(76,1),(76,2),(76,3),(76,4),(76,5),(76,6),(76,7),(76,8),(76,9),(76,10),(76,11),(76,12),(76,13),(76,15),(77,1),(77,2),(77,3),(77,4),(77,5),(77,6),(77,7),(77,8),(77,9),(77,10),(77,11),(77,12),(77,13),(77,15),(78,1),(78,2),(78,3),(78,4),(78,5),(78,6),(78,7),(78,8),(78,9),(78,10),(78,11),(78,12),(78,13),(78,15),(79,1),(79,2),(79,3),(79,4),(79,5),(79,6),(79,7),(79,8),(79,9),(79,10),(79,11),(79,12),(79,13),(79,15),(80,1),(80,2),(80,3),(80,4),(80,5),(80,6),(80,7),(80,8),(80,9),(80,10),(80,11),(80,12),(80,13),(80,15),(81,1),(81,2),(81,3),(81,4),(81,5),(81,6),(81,7),(81,8),(81,9),(81,10),(81,11),(81,12),(81,13),(81,15),(82,1),(82,2),(82,3),(82,4),(82,5),(82,6),(82,7),(82,8),(82,9),(82,10),(82,11),(82,12),(82,13),(82,15),(83,1),(83,2),(83,3),(83,4),(83,5),(83,6),(83,7),(83,8),(83,9),(83,10),(83,11),(83,12),(83,13),(83,15),(84,1),(84,2),(84,3),(84,4),(84,5),(84,6),(84,7),(84,8),(84,9),(84,10),(84,11),(84,12),(84,13),(84,15),(85,1),(85,2),(85,3),(85,4),(85,5),(85,6),(85,7),(85,8),(85,9),(85,10),(85,11),(85,12),(85,13),(85,15),(86,1),(86,2),(86,3),(86,4),(86,5),(86,6),(86,7),(86,8),(86,9),(86,10),(86,11),(86,12),(86,13),(86,15),(87,1),(87,2),(87,3),(87,4),(87,5),(87,6),(87,7),(87,8),(87,9),(87,10),(87,11),(87,12),(87,13),(87,15),(88,1),(88,2),(88,3),(88,4),(88,5),(88,6),(88,7),(88,8),(88,9),(88,10),(88,11),(88,12),(88,13),(88,15),(89,1),(89,2),(89,3),(89,4),(89,5),(89,6),(89,7),(89,8),(89,9),(89,10),(89,11),(89,12),(89,13),(89,15),(90,1),(90,2),(90,3),(90,4),(90,5),(90,6),(90,7),(90,8),(90,9),(90,10),(90,11),(90,12),(90,13),(90,15),(91,1),(91,2),(91,3),(91,4),(91,5),(91,6),(91,7),(91,8),(91,9),(91,10),(91,11),(91,12),(91,13),(91,15),(92,1),(92,2),(92,3),(92,4),(92,5),(92,6),(92,7),(92,8),(92,9),(92,10),(92,11),(92,12),(92,13),(92,15),(93,1),(93,2),(93,3),(93,4),(93,5),(93,6),(93,7),(93,8),(93,9),(93,10),(93,11),(93,12),(93,13),(93,15),(94,1),(94,2),(94,3),(94,4),(94,5),(94,6),(94,7),(94,8),(94,9),(94,10),(94,11),(94,12),(94,13),(94,15),(95,1),(95,2),(95,3),(95,4),(95,5),(95,6),(95,7),(95,8),(95,9),(95,10),(95,11),(95,12),(95,13),(95,15),(96,1),(96,2),(96,3),(96,4),(96,5),(96,6),(96,7),(96,8),(96,9),(96,10),(96,11),(96,12),(96,13),(96,15),(97,1),(97,2),(97,3),(97,4),(97,5),(97,6),(97,7),(97,8),(97,9),(97,10),(97,11),(97,12),(97,13),(97,15),(98,1),(98,2),(98,3),(98,4),(98,5),(98,6),(98,7),(98,8),(98,9),(98,10),(98,11),(98,12),(98,13),(98,15),(99,1),(99,2),(99,3),(99,4),(99,5),(99,6),(99,7),(99,8),(99,9),(99,10),(99,11),(99,12),(99,13),(99,15),(100,1),(100,2),(100,3),(100,4),(100,5),(100,6),(100,7),(100,8),(100,9),(100,10),(100,11),(100,12),(100,13),(100,15),(101,1),(101,2),(101,3),(101,4),(101,5),(101,6),(101,7),(101,8),(101,9),(101,10),(101,11),(101,12),(101,13),(101,15),(102,1),(102,2),(102,3),(102,4),(102,5),(102,6),(102,7),(102,8),(102,9),(102,10),(102,11),(102,12),(102,13),(102,15),(103,1),(103,2),(103,3),(103,4),(103,5),(103,6),(103,7),(103,8),(103,9),(103,10),(103,11),(103,12),(103,13),(103,15),(104,1),(104,2),(104,3),(104,4),(104,5),(104,6),(104,7),(104,8),(104,9),(104,10),(104,11),(104,12),(104,13),(104,15),(105,1),(105,2),(105,3),(105,4),(105,5),(105,6),(105,7),(105,8),(105,9),(105,10),(105,11),(105,12),(105,13),(105,15),(106,1),(106,2),(106,3),(106,4),(106,5),(106,6),(106,7),(106,8),(106,9),(106,10),(106,11),(106,12),(106,13),(106,15),(107,1),(107,2),(107,3),(107,4),(107,5),(107,6),(107,7),(107,8),(107,9),(107,10),(107,11),(107,12),(107,13),(107,15),(108,1),(108,2),(108,3),(108,4),(108,5),(108,6),(108,7),(108,8),(108,9),(108,10),(108,11),(108,12),(108,13),(108,15),(109,1),(109,2),(109,3),(109,4),(109,5),(109,6),(109,7),(109,8),(109,9),(109,10),(109,11),(109,12),(109,13),(109,15),(110,1),(110,2),(110,3),(110,4),(110,5),(110,6),(110,7),(110,8),(110,9),(110,10),(110,11),(110,12),(110,13),(110,15),(111,1),(111,2),(111,3),(111,4),(111,5),(111,6),(111,7),(111,8),(111,9),(111,10),(111,11),(111,12),(111,13),(111,15),(112,1),(112,2),(112,3),(112,4),(112,5),(112,6),(112,7),(112,8),(112,9),(112,10),(112,11),(112,12),(112,13),(112,15);
/*!40000 ALTER TABLE `region_channel_mapping` ENABLE KEYS */;
UNLOCK TABLES;
/*!40103 SET TIME_ZONE=@OLD_TIME_ZONE */;

/*!40101 SET SQL_MODE=@OLD_SQL_MODE */;
/*!40014 SET FOREIGN_KEY_CHECKS=@OLD_FOREIGN_KEY_CHECKS */;
/*!40014 SET UNIQUE_CHECKS=@OLD_UNIQUE_CHECKS */;
/*!40101 SET CHARACTER_SET_CLIENT=@OLD_CHARACTER_SET_CLIENT */;
/*!40101 SET CHARACTER_SET_RESULTS=@OLD_CHARACTER_SET_RESULTS */;
/*!40101 SET COLLATION_CONNECTION=@OLD_COLLATION_CONNECTION */;
/*!40111 SET SQL_NOTES=@OLD_SQL_NOTES */;

-- Dump completed on 2015-03-26  0:23:08
